{
  "swagger": "2.0",
  "info": {
    "version": "1.0.0",
    "title": "Flight Reservation API",
    "description": "Flight Reservation Management System",
    "termsOfService": "http://www.clarusway.com",
    "contact": {
      "name": "Clarusway",
      "email": "qadir@clarusway.com"
    },
    "license": {
      "name": "ISC Licence"
    }
  },
  "host": "127.0.0.1:8000",
  "basePath": "/",
  "schemes": [
    "http",
    "https"
  ],
  "securityDefinitions": {
    "JWT": {
      "type": "apiKey",
      "in": "header",
      "name": "Authorization",
      "description": "Enter Your AccessToken (JWT) for Login. Example: <b>Bearer <i>...token...<i></b>"
    }
  },
  "paths": {
    "/auth/login": {
      "post": {
        "tags": [
          "Authentication"
        ],
        "summary": "Login",
        "description": "Login with username and password",
        "parameters": [
          {
            "name": "body",
            "in": "body",
            "required": true,
            "schema": {
              "type": "object",
              "properties": {
                "username": {
                  "type": "string",
                  "example": "test"
                },
                "password": {
                  "type": "string",
                  "example": "1234"
                }
              }
            }
          }
        ],
        "responses": {
          "200": {
            "description": "OK"
          }
        }
      }
    },
    "/auth/refresh": {
      "post": {
        "tags": [
          "Authentication"
        ],
        "summary": "Token Refresh",
        "description": "Refresh accessToken with  ",
        "parameters": [
          {
            "name": "body",
            "in": "body",
            "required": true,
            "schema": {
              "type": "object",
              "properties": {
                "token": {
                  "type": "object",
                  "properties": {
                    "refresh": {
                      "type": "string",
                      "example": "...refreshToken..."
                    }
                  }
                }
              }
            }
          }
        ],
        "responses": {
          "200": {
            "description": "OK"
          }
        }
      }
    },
    "/auth/logout": {
      "get": {
        "tags": [
          "Authentication"
        ],
        "summary": "Logout",
        "description": "No need any doing for logout. You must deleted Bearer Token from your browser.",
        "responses": {
          "200": {
            "description": "OK"
          }
        }
      }
    },
    "/users/": {
      "get": {
        "tags": [
          "Users"
        ],
        "summary": "List Users",
        "description": "  You can send query with endpoint for search[], sort[], page and limit.  <ul> Examples:   <li>URL/?<b>search[field1]=value1&search[field2]=value2</b></li>   <li>URL/?<b>sort[field1]=1&sort[field2]=-1</b></li>   <li>URL/?<b>page=2&limit=1</b></li>  </ul>  ",
        "responses": {
          "200": {
            "description": "OK"
          }
        }
      },
      "post": {
        "tags": [
          "Users"
        ],
        "summary": "Create User",
        "description": "",
        "parameters": [
          {
            "name": "body",
            "in": "body",
            "required": true,
            "schema": {
              "type": "object",
              "properties": {
                "username": {
                  "type": "string",
                  "example": "test"
                },
                "password": {
                  "type": "string",
                  "example": "1234"
                },
                "email": {
                  "type": "string",
                  "example": "test@site.com"
                },
                "isActive": {
                  "type": "boolean",
                  "example": true
                },
                "isStaff": {
                  "type": "boolean",
                  "example": false
                },
                "isAdmin": {
                  "type": "boolean",
                  "example": false
                }
              }
            }
          }
        ],
        "responses": {
          "201": {
            "description": "Created"
          }
        }
      }
    },
    "/users/{id}": {
      "get": {
        "tags": [
          "Users"
        ],
        "summary": "Get Single User",
        "description": "",
        "parameters": [
          {
            "name": "id",
            "in": "path",
            "required": true,
            "type": "string"
          }
        ],
        "responses": {
          "200": {
            "description": "OK"
          }
        }
      },
      "put": {
        "tags": [
          "Users"
        ],
        "summary": "Update User",
        "description": "",
        "parameters": [
          {
            "name": "id",
            "in": "path",
            "required": true,
            "type": "string"
          },
          {
            "name": "body",
            "in": "body",
            "required": true,
            "schema": {
              "type": "object",
              "properties": {
                "username": {
                  "type": "string",
                  "example": "test"
                },
                "password": {
                  "type": "string",
                  "example": "1234"
                },
                "email": {
                  "type": "string",
                  "example": "test@site.com"
                },
                "isActive": {
                  "type": "boolean",
                  "example": true
                },
                "isStaff": {
                  "type": "boolean",
                  "example": false
                },
                "isAdmin": {
                  "type": "boolean",
                  "example": false
                }
              }
            }
          }
        ],
        "responses": {
          "202": {
            "description": "Accepted"
          }
        }
      },
      "delete": {
        "tags": [
          "Users"
        ],
        "summary": "Delete User",
        "description": "",
        "parameters": [
          {
            "name": "id",
            "in": "path",
            "required": true,
            "type": "string"
          }
        ],
        "responses": {
          "204": {
            "description": "No Content"
          },
          "404": {
            "description": "Not Found"
          }
        }
      },
      "patch": {
        "tags": [
          "Users"
        ],
        "summary": "Update User",
        "description": "",
        "parameters": [
          {
            "name": "id",
            "in": "path",
            "required": true,
            "type": "string"
          },
          {
            "name": "body",
            "in": "body",
            "required": true,
            "schema": {
              "type": "object",
              "properties": {
                "username": {
                  "type": "string",
                  "example": "test"
                },
                "password": {
                  "type": "string",
                  "example": "1234"
                },
                "email": {
                  "type": "string",
                  "example": "test@site.com"
                },
                "isActive": {
                  "type": "boolean",
                  "example": true
                },
                "isStaff": {
                  "type": "boolean",
                  "example": false
                },
                "isAdmin": {
                  "type": "boolean",
                  "example": false
                }
              }
            }
          }
        ],
        "responses": {
          "202": {
            "description": "Accepted"
          }
        }
      }
    },
    "/flights/": {
      "get": {
        "tags": [
          "Flights"
        ],
        "summary": "List Flights",
        "description": "  You can send query with endpoint for search[], sort[], page and limit.  <ul> Examples:   <li>URL/?<b>search[field1]=value1&search[field2]=value2</b></li>   <li>URL/?<b>sort[field1]=1&sort[field2]=-1</b></li>   <li>URL/?<b>page=2&limit=1</b></li>  </ul>  ",
        "responses": {
          "200": {
            "description": "OK"
          }
        }
      },
      "post": {
        "tags": [
          "Flights"
        ],
        "summary": "Create Flight",
        "description": "",
        "parameters": [
          {
            "name": "body",
            "in": "body",
            "required": true,
            "schema": {
              "$ref": "#/definitions/Flight"
            }
          }
        ],
        "responses": {
          "201": {
            "description": "Created"
          }
        }
      }
    },
    "/flights/{id}": {
      "get": {
        "tags": [
          "Flights"
        ],
        "summary": "Get Single Flight",
        "description": "",
        "parameters": [
          {
            "name": "id",
            "in": "path",
            "required": true,
            "type": "string"
          }
        ],
        "responses": {
          "200": {
            "description": "OK"
          }
        }
      },
      "put": {
        "tags": [
          "Flights"
        ],
        "summary": "Update Flight",
        "description": "",
        "parameters": [
          {
            "name": "id",
            "in": "path",
            "required": true,
            "type": "string"
          },
          {
            "name": "body",
            "in": "body",
            "required": true,
            "schema": {
              "$ref": "#/definitions/Flight"
            }
          }
        ],
        "responses": {
          "202": {
            "description": "Accepted"
          }
        }
      },
      "delete": {
        "tags": [
          "Flights"
        ],
        "summary": "Delete Flight",
        "description": "",
        "parameters": [
          {
            "name": "id",
            "in": "path",
            "required": true,
            "type": "string"
          }
        ],
        "responses": {
          "204": {
            "description": "No Content"
          },
          "404": {
            "description": "Not Found"
          }
        }
      },
      "patch": {
        "tags": [
          "Flights"
        ],
        "summary": "Update Flight",
        "description": "",
        "parameters": [
          {
            "name": "id",
            "in": "path",
            "required": true,
            "type": "string"
          },
          {
            "name": "body",
            "in": "body",
            "required": true,
            "schema": {
              "$ref": "#/definitions/Flight"
            }
          }
        ],
        "responses": {
          "202": {
            "description": "Accepted"
          }
        }
      }
    },
    "/passengers/": {
      "get": {
        "tags": [
          "Passengers"
        ],
        "summary": "List Passengers",
        "description": "  You can send query with endpoint for search[], sort[], page and limit.  <ul> Examples:   <li>URL/?<b>search[field1]=value1&search[field2]=value2</b></li>   <li>URL/?<b>sort[field1]=1&sort[field2]=-1</b></li>   <li>URL/?<b>page=2&limit=1</b></li>  </ul>  ",
        "responses": {
          "200": {
            "description": "OK"
          }
        }
      },
      "post": {
        "tags": [
          "Passengers"
        ],
        "summary": "Create Passenger",
        "description": "",
        "parameters": [
          {
            "name": "body",
            "in": "body",
            "required": true,
            "schema": {
              "$ref": "#/definitions/Passenger"
            }
          }
        ],
        "responses": {
          "201": {
            "description": "Created"
          }
        }
      }
    },
    "/passengers/{id}": {
      "get": {
        "tags": [
          "Passengers"
        ],
        "summary": "Get Single Passenger",
        "description": "",
        "parameters": [
          {
            "name": "id",
            "in": "path",
            "required": true,
            "type": "string"
          }
        ],
        "responses": {
          "200": {
            "description": "OK"
          }
        }
      },
      "put": {
        "tags": [
          "Passengers"
        ],
        "summary": "Update Passenger",
        "description": "",
        "parameters": [
          {
            "name": "id",
            "in": "path",
            "required": true,
            "type": "string"
          },
          {
            "name": "body",
            "in": "body",
            "required": true,
            "schema": {
              "$ref": "#/definitions/Passenger"
            }
          }
        ],
        "responses": {
          "202": {
            "description": "Accepted"
          }
        }
      },
      "delete": {
        "tags": [
          "Passengers"
        ],
        "summary": "Delete Passenger",
        "description": "",
        "parameters": [
          {
            "name": "id",
            "in": "path",
            "required": true,
            "type": "string"
          }
        ],
        "responses": {
          "204": {
            "description": "No Content"
          },
          "404": {
            "description": "Not Found"
          }
        }
      },
      "patch": {
        "tags": [
          "Passengers"
        ],
        "summary": "Update Passenger",
        "description": "",
        "parameters": [
          {
            "name": "id",
            "in": "path",
            "required": true,
            "type": "string"
          },
          {
            "name": "body",
            "in": "body",
            "required": true,
            "schema": {
              "$ref": "#/definitions/Passenger"
            }
          }
        ],
        "responses": {
          "202": {
            "description": "Accepted"
          }
        }
      }
    },
    "/reservations/": {
      "get": {
        "tags": [
          "Reservations"
        ],
        "summary": "List Reservations",
        "description": "  You can send query with endpoint for search[], sort[], page and limit.  <ul> Examples:   <li>URL/?<b>search[field1]=value1&search[field2]=value2</b></li>   <li>URL/?<b>sort[field1]=1&sort[field2]=-1</b></li>   <li>URL/?<b>page=2&limit=1</b></li>  </ul>  ",
        "responses": {
          "200": {
            "description": "OK"
          }
        }
      },
      "post": {
        "tags": [
          "Reservations"
        ],
        "summary": "Create Reservation",
        "description": "",
        "parameters": [
          {
            "name": "body",
            "in": "body",
            "required": true,
            "schema": {
              "$ref": "#/definitions/Reservation"
            }
          }
        ],
        "responses": {
          "201": {
            "description": "Created"
          }
        }
      }
    },
    "/reservations/{id}": {
      "get": {
        "tags": [
          "Reservations"
        ],
        "summary": "Get Single Reservation",
        "description": "",
        "parameters": [
          {
            "name": "id",
            "in": "path",
            "required": true,
            "type": "string"
          }
        ],
        "responses": {
          "200": {
            "description": "OK"
          }
        }
      },
      "put": {
        "tags": [
          "Reservations"
        ],
        "summary": "Update Reservation",
        "description": "",
        "parameters": [
          {
            "name": "id",
            "in": "path",
            "required": true,
            "type": "string"
          },
          {
            "name": "body",
            "in": "body",
            "required": true,
            "schema": {
              "$ref": "#/definitions/Reservation"
            }
          }
        ],
        "responses": {
          "202": {
            "description": "Accepted"
          }
        }
      },
      "delete": {
        "tags": [
          "Reservations"
        ],
        "summary": "Delete Reservation",
        "description": "",
        "parameters": [
          {
            "name": "id",
            "in": "path",
            "required": true,
            "type": "string"
          }
        ],
        "responses": {
          "204": {
            "description": "No Content"
          },
          "404": {
            "description": "Not Found"
          }
        }
      },
      "patch": {
        "tags": [
          "Reservations"
        ],
        "summary": "Update Reservation",
        "description": "",
        "parameters": [
          {
            "name": "id",
            "in": "path",
            "required": true,
            "type": "string"
          },
          {
            "name": "body",
            "in": "body",
            "required": true,
            "schema": {
              "$ref": "#/definitions/Reservation"
            }
          }
        ],
        "responses": {
          "202": {
            "description": "Accepted"
          }
        }
      }
    }
  },
  "definitions": {
    "/auth/login": {
      "type": "object",
      "properties": {
        "username": {
          "type": "object",
          "properties": {
            "type": {
              "type": "string",
              "example": "String"
            },
            "required": {
              "type": "boolean",
              "example": true
            }
          }
        },
        "password": {
          "type": "object",
          "properties": {
            "type": {
              "type": "string",
              "example": "String"
            },
            "required": {
              "type": "boolean",
              "example": true
            }
          }
        }
      }
    },
    "/auth/refresh": {
      "type": "object",
      "properties": {
        "token.refresh": {
          "type": "object",
          "properties": {
            "description": {
              "type": "string",
              "example": "{ token: { refresh: ... } }"
            },
            "type": {
              "type": "string",
              "example": "String"
            },
            "required": {
              "type": "boolean",
              "example": true
            }
          }
        }
      }
    },
    "User": {
      "type": "object",
      "properties": {
        "username": {
          "type": "object",
          "properties": {
            "type": {
              "type": "function"
            },
            "trim": {
              "type": "boolean",
              "example": true
            },
            "required": {
              "type": "boolean",
              "example": true
            },
            "unique": {
              "type": "boolean",
              "example": true
            }
          }
        },
        "password": {
          "type": "object",
          "properties": {
            "type": {
              "type": "function"
            },
            "trim": {
              "type": "boolean",
              "example": true
            },
            "required": {
              "type": "boolean",
              "example": true
            },
            "set": {
              "type": "function"
            }
          }
        },
        "email": {
          "type": "object",
          "properties": {
            "type": {
              "type": "function"
            },
            "trim": {
              "type": "boolean",
              "example": true
            },
            "required": {
              "type": "array",
              "example": [
                true,
                "Email field must be required"
              ],
              "items": {
                "type": "string"
              }
            },
            "unique": {
              "type": "array",
              "example": [
                true,
                "There is this email. Email field must be unique"
              ],
              "items": {
                "type": "string"
              }
            },
            "validate": {
              "type": "array",
              "example": [
                null,
                "Email type is not correct."
              ],
              "items": {
                "type": "string"
              }
            }
          }
        },
        "isActive": {
          "type": "object",
          "properties": {
            "type": {
              "type": "function"
            },
            "default": {
              "type": "boolean",
              "example": true
            }
          }
        },
        "isStaff": {
          "type": "object",
          "properties": {
            "type": {
              "type": "function"
            },
            "default": {
              "type": "boolean",
              "example": false
            }
          }
        },
        "isAdmin": {
          "type": "object",
          "properties": {
            "type": {
              "type": "function"
            },
            "default": {
              "type": "boolean",
              "example": false
            }
          }
        }
      }
    },
    "Flight": {
      "type": "object",
      "properties": {
        "flightNumber": {
          "type": "object",
          "properties": {
            "type": {
              "type": "function"
            },
            "trim": {
              "type": "boolean",
              "example": true
            },
            "required": {
              "type": "boolean",
              "example": true
            },
            "unique": {
              "type": "boolean",
              "example": true
            }
          }
        },
        "airline": {
          "type": "object",
          "properties": {
            "type": {
              "type": "function"
            },
            "trim": {
              "type": "boolean",
              "example": true
            },
            "required": {
              "type": "boolean",
              "example": true
            }
          }
        },
        "departure": {
          "type": "object",
          "properties": {
            "type": {
              "type": "function"
            },
            "trim": {
              "type": "boolean",
              "example": true
            },
            "required": {
              "type": "boolean",
              "example": true
            }
          }
        },
        "departureDate": {
          "type": "object",
          "properties": {
            "type": {
              "type": "function"
            },
            "required": {
              "type": "boolean",
              "example": true
            },
            "get": {
              "type": "function"
            }
          }
        },
        "arrival": {
          "type": "object",
          "properties": {
            "type": {
              "type": "function"
            },
            "trim": {
              "type": "boolean",
              "example": true
            },
            "required": {
              "type": "boolean",
              "example": true
            }
          }
        },
        "arrivalDate": {
          "type": "object",
          "properties": {
            "type": {
              "type": "function"
            },
            "required": {
              "type": "boolean",
              "example": true
            },
            "get": {
              "type": "function"
            }
          }
        },
        "createdId": {
          "type": "object",
          "properties": {
            "type": {
              "type": "function"
            },
            "ref": {
              "type": "string",
              "example": "User"
            },
            "required": {
              "type": "boolean",
              "example": true
            }
          }
        }
      }
    },
    "Passenger": {
      "type": "object",
      "properties": {
        "firstName": {
          "type": "object",
          "properties": {
            "type": {
              "type": "function"
            },
            "trim": {
              "type": "boolean",
              "example": true
            },
            "required": {
              "type": "boolean",
              "example": true
            }
          }
        },
        "lastName": {
          "type": "object",
          "properties": {
            "type": {
              "type": "function"
            },
            "trim": {
              "type": "boolean",
              "example": true
            },
            "required": {
              "type": "boolean",
              "example": true
            }
          }
        },
        "gender": {
          "type": "object",
          "properties": {
            "type": {
              "type": "function"
            },
            "enum": {
              "type": "array",
              "example": [
                "",
                "M",
                "F"
              ],
              "items": {
                "type": "string"
              }
            },
            "default": {
              "type": "string",
              "example": ""
            }
          }
        },
        "email": {
          "type": "object",
          "properties": {
            "type": {
              "type": "function"
            },
            "trim": {
              "type": "boolean",
              "example": true
            },
            "required": {
              "type": "boolean",
              "example": true
            },
            "validate": {
              "type": "function"
            }
          }
        },
        "createdId": {
          "type": "object",
          "properties": {
            "type": {
              "type": "function"
            },
            "ref": {
              "type": "string",
              "example": "User"
            },
            "required": {
              "type": "boolean",
              "example": true
            }
          }
        }
      }
    },
    "Reservation": {
      "type": "object",
      "properties": {
        "flightId": {
          "type": "object",
          "properties": {
            "type": {
              "type": "function"
            },
            "ref": {
              "type": "string",
              "example": "Flight"
            },
            "required": {
              "type": "boolean",
              "example": true
            }
          }
        },
        "passengers": {
          "type": "array",
          "example": [],
          "items": {}
        },
        "createdId": {
          "type": "object",
          "properties": {
            "type": {
              "type": "function"
            },
            "ref": {
              "type": "string",
              "example": "User"
            },
            "required": {
              "type": "boolean",
              "example": true
            }
          }
        }
      }
    }
  },
  "security": [
    {
      "JWT": true
    }
  ]
}